title,original_filename,enhanced_filename
Purple Peaks,purple-peaks-original.jpg,purple-peaks-enhanced.jpg
Golden Skies,golden-skies-original.jpg,golden-skies-enhanced.jpg
Autumn Fire,autumn-fire-original.jpg,autumn-fire-enhanced.jpg
Forest Breeze,forest-breeze-original.jpg,forest-breeze-enhanced.jpg
Winter Pines,winter-pines-original.jpg,winter-pines-enhanced.jpg
Crimson Reflection,crimson-reflection-original.jpg,crimson-reflection-enhanced.jpg
Cabin Quiet,cabin-quiet-original.jpg,cabin-quiet-enhanced.jpg
Evergreen Lake,evergreen-lake-original.jpg,evergreen-lake-enhanced.jpg
Amber Horizon,amber-horizon-original.jpg,amber-horizon-enhanced.jpg
Twilight Meadow,twilight-meadow-original.jpg,twilight-meadow-enhanced.jpg
Silver River,silver-river-original.jpg,silver-river-enhanced.jpg
Misty Ridge,misty-ridge-original.jpg,misty-ridge-enhanced.jpg
Scarlet Grove,scarlet-grove-original.jpg,scarlet-grove-enhanced.jpg
Sunlit Clearing,sunlit-clearing-original.jpg,sunlit-clearing-enhanced.jpg
Moonlit Bay,moonlit-bay-original.jpg,moonlit-bay-enhanced.jpg
Hidden Brook,hidden-brook-original.jpg,hidden-brook-enhanced.jpg
Stormlight,stormlight-original.jpg,stormlight-enhanced.jpg
Wildflower Hills,wildflower-hills-original.jpg,wildflower-hills-enhanced.jpg
Hillside Grasses,hillside-grasses-original.jpg,hillside-grasses-enhanced.jpg
Azure Shore,azure-shore-original.jpg,azure-shore-enhanced.jpg
Violet Dusk,violet-dusk-original.jpg,violet-dusk-enhanced.jpg
Cobalt Vale,cobalt-vale-original.jpg,cobalt-vale-enhanced.jpg
Dawn Chorus,dawn-chorus-original.jpg,dawn-chorus-enhanced.jpg
Lupine Trail,lupine-trail-original.jpg,lupine-trail-enhanced.jpg
Cedar Walk,cedar-walk-original.jpg,cedar-walk-enhanced.jpg
Garnet Field,garnet-field-original.jpg,garnet-field-enhanced.jpg
Indigo Highlands,indigo-highlands-original.jpg,indigo-highlands-enhanced.jpg
Copper Woods,copper-woods-original.jpg,copper-woods-enhanced.jpg
Emerald Marsh,emerald-marsh-original.jpg,emerald-marsh-enhanced.jpg
Soft Prairie,soft-prairie-original.jpg,soft-prairie-enhanced.jpg
Rust Peak,rust-peak-original.jpg,rust-peak-enhanced.jpg
Saffron Wind,saffron-wind-original.jpg,saffron-wind-enhanced.jpg
Snowline,snowline-original.jpg,snowline-enhanced.jpg
Stone Bridge,stone-bridge-original.jpg,stone-bridge-enhanced.jpg
Quiet Orchard,quiet-orchard-original.jpg,quiet-orchard-enhanced.jpg
Amber Trail,amber-trail-original.jpg,amber-trail-enhanced.jpg
Silver Pines,silver-pines-original.jpg,silver-pines-enhanced.jpg
Teal Lagoon,teal-lagoon-original.jpg,teal-lagoon-enhanced.jpg
Opal Skies,opal-skies-original.jpg,opal-skies-enhanced.jpg
Windbreak,windbreak-original.jpg,windbreak-enhanced.jpg
Sunny Moorland,sunny-moorland-original.jpg,sunny-moorland-enhanced.jpg